AASLD ID,Date RNA Isolation
AASLD-001,2/28/18
AASLD-002,1/30/18
AASLD-003,1/30/18
AASLD-004,3/1/18
AASLD-005,2/28/18
AASLD-006,1/30/18
AASLD-007,1/30/18
AASLD-008,3/1/18
AASLD-009,3/1/18
AASLD-010,1/30/18
AASLD-011,2/28/18
AASLD-012,3/1/18
AASLD-013,2/28/18
AASLD-014,1/30/18
AASLD-015,1/30/18
AASLD-016,3/1/18
AASLD-017,2/28/18
AASLD-018,1/30/18
AASLD-019,2/28/18
AASLD-020,3/1/18
AASLD-021,1/30/18
AASLD-022,1/30/18
AASLD-023,1/30/18
AASLD-024,3/1/18
AASLD-025,2/28/18
AASLD-026,2/28/18
AASLD-027,1/30/18
AASLD-028,3/1/18
AASLD-029,1/30/18
AASLD-030,1/30/18
AASLD-031,1/30/18
AASLD-032,3/1/18
AASLD-033,1/30/18
AASLD-034,2/28/18
AASLD-035,1/30/18
AASLD-036,3/1/18
AASLD-037,2/28/18
AASLD-038,3/1/18
AASLD-039,3/1/18
AASLD-040,3/1/18
AASLD-041,2/28/18
AASLD-042,2/28/18
AASLD-043,1/30/18
AASLD-044,3/1/18
AASLD-045,2/28/18
AASLD-046,1/30/18
AASLD-047,2/28/18
AASLD-048,3/1/18
AASLD-049,1/30/18
AASLD-050,1/30/18
AASLD-051,2/28/18
AASLD-052,3/1/18
AASLD-053,2/28/18
AASLD-054,1/30/18
AASLD-055,1/30/18
AASLD-056,3/1/18
AASLD-057,1/30/18
AASLD-058,2/28/18
AASLD-059,2/28/18
AASLD-060,3/1/18
AASLD-061,1/30/18
AASLD-062,2/28/18
AASLD-063,2/28/18
AASLD-064,3/1/18
AASLD-065,2/28/18
AASLD-066,2/28/18
AASLD-067,2/28/18
AASLD-068,3/1/18
AASLD-069,2/28/18
AASLD-070,2/28/18
AASLD-071,1/30/18
AASLD-072,3/1/18
AASLD-073,1/30/18
AASLD-074,1/30/18
AASLD-075,2/28/18
AASLD-076,3/1/18
AASLD-077,2/28/18
AASLD-078,1/30/18
AASLD-079,3/1/18
AASLD-080,3/1/18
AASLD-081,2/28/18
AASLD-082,2/28/18
AASLD-083,1/30/18
AASLD-084,3/1/18
AASLD-085,2/28/18
AASLD-086,2/8/18
AASLD-087,1/30/18
AASLD-088,3/1/18
AASLD-089,1/30/18
AASLD-090,2/28/18
AASLD-091,1/30/18
AASLD-092,3/1/18
AASLD-093,2/28/18
AASLD-094,2/28/18
AASLD-095,2/8/18
AASLD-096,3/1/18
AASLD-097,1/30/18
AASLD-098,1/30/18
AASLD-099,1/30/18
AASLD-100,3/1/18
AASLD-101,2/28/18
AASLD-102,1/30/18
AASLD-103,2/28/18
AASLD-104,1/30/18
AASLD-105,2/28/18
AASLD-106,1/30/18
AASLD-107,2/28/18
AASLD-108,2/28/18
AASLD-109,1/30/18
AASLD-110,2/28/18